text,category
mge amma ta amarui .ambulance ekk ewnn please.,medical aid
ape lamayekta beheth one.ikmnin ewnn pluwand,medical aid
medical team ekak ewanna puluwanda?,medical aid
thuwala wela kenek innawa.,medical aid
doctor kenek ikmanata one.,medical aid
ape seeya asaneepa wela inne.,medical aid
beheth tikak one urgent.,medical aid
"loku thuwalayak wela, help ekk one.",medical aid
"patient kenek innawa, medical help one.",medical aid
ambulance ekak ewanna please.,medical aid
lamayata fever thiyenawa.,medical aid
ape family eke kenekta medical help one.,medical aid
blood one urgent please.,medical aid
beheth aran enna puluwanda?,medical aid
mge gedara kenek unconscious wela.,medical aid
doctor kenek me paththata one.,medical aid
thuwala wlta treatment one.,medical aid
medical camp eka koheda?,medical aid
ape ammata asthma medicine one.,medical aid
baby kenek sick wela innwa .,medical aid
elderly kenekta help one.,medical aid
patient kenekta medicine ne.,medical aid
ikmanata ambulance ekak one.,medical aid
ape putha thuwala wela.,medical aid
medical support ekk one please.,medical aid
hospital ekakata yanna help one.,medical aid
thuwal una aya innawa.,medical aid
ape nangi ta medicine one.,medical aid
sick kenek innawa gedara.,medical aid
doctor kenek contact karanna one.,medical aid
medicine tikak hoyaganna ba.,medical aid
medical emergency ekak.,medical aid
patient kenek stuck wela.,medical aid
baby ta medicine one.,medical aid
ape thaththa ta pressure medicine one.,medical aid
loku thuwalak nisa hospital yanna ba.,medical aid
medical team ekak one me area ekata.,medical aid
beheth ganna pharmacy ekata yanna ba.,medical aid
patient kenekta immediate help one.,medical aid
fever thiyena lamai innawa.,medical aid
ape family eke sick aya innawa.,medical aid
medical supplies one please.,medical aid
thuwala walata bandage one.,medical aid
doctor kenekta enna puluwanda?,medical aid
medicine nathi nisa amarui.,medical aid
ape gedara patient kenek innawa.,medical aid
ambulance access eka one.,medical aid
medical help urgently one.,medical aid
injured kenek innawa me gedara.,medical aid
child kenekta medical help one.,medical aid
beheth iwara wela.,medical aid
ape ammata urgent treatment one.,medical aid
thuwala una kenek innawa.,medical aid
hospital transport one.,medical aid
medical officer kenek one.,medical aid
sick patient kenek rescue karanna one.,medical aid
medicine saha doctor help one.,medical aid
emergency medical help denna.,medical aid
me thanata ambulance ekak ewanna.,medical aid
please medical team ekak hoyala denna.,medical aid
"ape gedarata watura gihin, ikmnt apiwa beragnn enn .",shelter
safe place ekak one please api yata wel.,shelter
apit innata thanak ne.,shelter
shelter ekak hoyaganna help one.,shelter
family ekata safe place one.,shelter
"lamai ekka innawa, shelter one.",shelter
ape gedara damage wela.,shelter
safe shelter ekak thiyenawada?,shelter
api evacuate karanna one.,shelter
temporary shelter ekak one.,shelter
gedara inna ba dan wathura godal awill.,shelter
ape family ekata inna place ekak one.,shelter
shelter ekakata yanna help one.,shelter
wessa nisa gedara innata ba.,shelter
safe building ekak hoyanna one.,shelter
"elderly aya ekka innawa, shelter one.",shelter
"lamai innawa, safe place one.",shelter
ape gedara unsafe wela.,shelter
shelter location ekak dannawada?,shelter
evacuation center eka koheda?,shelter
api dan shelter ekak hoyanawa.,shelter
arakshitha kadauru khed thynne .,shelter
gedara roof eka damage wela.,shelter
shelter ekak denna puluwanda?,shelter
family 6 denekta shelter one.,shelter
api safe place ekakata aran yanna plwand .,shelter
gedara watura purila.,shelter
night eka innata place ne.,shelter
sahana kadauru khed thynne .,shelter
safe room ekak one.,shelter
ape gedara athule danger.,shelter
shelter help one urgently.,shelter
api evacuees la.,shelter
shelter ekak open karalada?,shelter
me area eke safe shelter thiyenawada?,shelter
"kids la innawa, shelter one.",shelter
"old people innawa, safe place one.",shelter
gedara thiyenna ba.,shelter
apit arakshitha thankt yanna one.,shelter
safe place ekak hoyala denna.,shelter
rain eka nisa shelter one.,shelter
family ekata temporary place one.,shelter
ape house eka collapse wenna wage.,shelter
arakshitha kandaurat ynna transport one.,shelter
api dan safe place ekak hoyanawa.,shelter
evacuation center ekata yanna one.,shelter
shelter ekak thiyenawanam kiyanna.,shelter
gedara loku damage ekak wela.,shelter
safe building ekak one immediately.,shelter
apit innata thanak hoyala denna.,shelter
"watura enawa, shelter one.",shelter
ape area eke inn arakshitha thanak ne.,shelter
shelter ekata family eka aran yanna.,shelter
safe accommodation one please.,shelter
ape family eka homeless wela.,shelter
shelter support one.,shelter
kids saha elders ekka shelter one.,shelter
api dan gedarin eliyata awa.,shelter
safe place ekakata yanna help karanna.,shelter
urgently safe place ekk one.,shelter
food one please.,food/water
bonna watura na.,food/water
ape family ekata food one.,food/water
drinking water urgently one.,food/water
kanna deyak ne me gedara.,food/water
watura bottle tikak one.,food/water
lamai godak innwa apit kama parcel tkk ewnn plwnd .,food/water
food saha water help one.,food/water
apit dawas dekak kanna na.,food/water
clean water one please.,food/water
ape area ekata food ewanna.,food/water
watura ganna widihak ne.,food/water
kama ookm tika iwara wela.,food/water
drinking water hoyaganna ba.,food/water
family ekata dry food one.,food/water
baby food one urgent.,food/water
water supply eka ne.,food/water
rice saha water one.,food/water
food packets tikak ewnn plwnd .,food/water
api food nathiwa inne.,food/water
clean drinking water one.,food/water
lamai tika hungry.,food/water
food distribution ekak thiyenawada?,food/water
watura bottles ewanna puluwanda?,food/water
ape gedara food na.,food/water
kanna deyak hoyaganna ba.,food/water
water tank eka damage wela.,food/water
food supplies one urgently.,food/water
podi daruwo innwa . milk powder one.,food/water
drinking water nathiwa inne.,food/water
food ekak aran enna puluwanda?,food/water
"api 6 denek inne, kama one.",food/water
watura saha knna tikak one.,food/water
kanna food tikak hoyala denna.,food/water
clean water available da?,food/water
ape family eka hungry.,food/water
"rice, dhal saha water one.",food/water
food relief ekak one.,food/water
water bottles one please.,food/water
food stock eka iwara wela.,food/water
drinking water supply karanna.,food/water
kids la hungry inne.,food/water
food and water urgently needed.,food/water
ape area ekata dry rations one.,food/water
apit kanna bonna dewal ne.,food/water
water bottle ekak wath ne.,food/water
food relief center eka koheda?,food/water
family ekata dry food one.,food/water
safe drinking water one.,food/water
food packets distribute karanawada?,food/water
apit viyali ahara ewnn .,food/water
watura bonna puluwan ekak one.,food/water
baby milk saha food one.,food/water
rice tikak hari ewanna.,food/water
food supplies tikak one.,food/water
watura supply eka nawathila.,food/water
ape area ekt viyali ahara ewnn plwnd .,food/water
food and clean water help one.,food/water
ape gedara water ne.,food/water
ikmanata food saha watura one.,food/water
api gedara athule hira wela.,rescue/missing
rescue team ekak ewanna please.,rescue/missing
ape family eka stuck wela.,rescue/missing
kenek missing wela.,rescue/missing
ape nangi hoyaganna ba.,rescue/missing
rescue help urgently one.,rescue/missing
gedara athule aya innawa.,rescue/missing
boat ekak one me area ekata.,rescue/missing
ape thaththa missing.,rescue/missing
lamayek hoyaganna help ekk one.,rescue/missing
apit eliyata enna ba.,rescue/missing
rescue team eka me paththe enawada?,rescue/missing
flood water nisa stuck wela.,rescue/missing
family membersla dennek missing.,rescue/missing
ape putha hoyaganna one.,rescue/missing
gedara athule wayasaka kenek innawa.,rescue/missing
please rescue karanna.,rescue/missing
api roof eke inne.,rescue/missing
"watura godak wedi, rescue one.",rescue/missing
missing person kenek hoyanawa.,rescue/missing
ape amma hoy gnn ba.,rescue/missing
child kenek hoyaganna one.,rescue/missing
rescue boat ekak one.,rescue/missing
"api stuck wela, help karanna.",rescue/missing
family eka contact karanna ba.,rescue/missing
kenek watura gihin missing.,rescue/missing
rescue team ekak ikmanata one.,rescue/missing
ape gedara aya trapped wela.,rescue/missing
missing kenek gena information thiyenawada?,rescue/missing
api building eke hira wela inne.,rescue/missing
child kenek missing.,rescue/missing
elderly person kenek missing.,rescue/missing
please help us get out.,rescue/missing
ape family members trapped wela.,rescue/missing
rescue vehicle ekak one.,rescue/missing
flooded area eke stuck wela.,rescue/missing
gedara athule 5 denek innawa.,rescue/missing
kenek hoyaganna ba dan.,rescue/missing
rescue assistance one urgently.,rescue/missing
api upakara balaporoththu wenawa.,rescue/missing
missing person report karanna one.,rescue/missing
ape brother missing wela.,rescue/missing
lamaya school idala awe ne.,rescue/missing
api water athule hira wel .,rescue/missing
rescue boat ekak ewanna.,rescue/missing
gedara athule aya beragnn udau krnna .,rescue/missing
missing person kenek hoyanawa.,rescue/missing
api evacuate karanna one.,rescue/missing
flood eka nisa trapped wela.,rescue/missing
ape seeya missing.,rescue/missing
please send rescue team.,rescue/missing
family eka athule trapped.,rescue/missing
kenek waturat gahagen gihin.,rescue/missing
ape nangi thama awe na.,rescue/missing
rescue help denna puluwanda?,rescue/missing
api building roof eke inne.,rescue/missing
missing child kenek hoyanawa.,rescue/missing
me area eke rescue team ekak one.,rescue/missing
ikmanata help karanna please.,rescue/missing
ape family eka trapped wela inne.,rescue/missing
current eka ne me area eke.,other
electricity supply eka nathi wela.,other
ape phone charge karanna ba.,other
road eka block wela.,other
main road eka waturat yata wel.,other
transport help one.,other
phone signal ne.,other
network eka wada karanne ne.,other
generator ekak thiyenawada?,other
battery charge karaganna ba.,other
road eka break wela.,other
bridge eka damage wela.,other
me area ekata yanna puluwanda?,other
current eka ikmanata denna.,other
mobile signal hoyaganna ba.,other
phone battery low.,other
transport ekak one.,other
road eka open da?,other
gas cylinder eka na.,other
cooking karanna ba.,other
petrol hoyaganna ba.,other
fuel tikak one.,other
generator ekt fuel one.,other
ape vehicle eka stuck wela.,other
road clearance help one.,other
tree ekak road eka uda watila.,other
internet connection ne.,other
communication problem ekak thiyenawa.,other
phone charge karaganna place ekak one.,other
current eka thiyenne ne.,other
water pump eka wada ne.,other
house eka clean karanna help one.,other
watura ain karanna help one.,other
roads tika clean karanna one.,other
damaged house ekak repair karanna help one.,other
building eka inspect karanna one.,other
electricity wires watila.,other
me paththa dangerous da?,other
road condition eka dannawada?,other
bus service thiyenawada?,other
vehicle ekak aran yanna one.,other
fuel station open da?,other
phone network eka kawada enawada?,other
current wires walin ath wela inna.,other
tree tika ain karanna one.,other
road eka clear karanna help one.,other
communication center ekak thiyenawada?,other
charging station ekak one.,other
flashlight ekak one.,other
torch batteries one.,other
candles tikak one.,other
cooking gas one.,other
clothes tikak one.,other
baby clothes one.,other
blankets tikak one.,other
sanitary items one.,other
general supplies tikak one.,other
information ekak hoyaganna one.,other
me area eke situation eka kohomada?,other
please me thanata help ekak denna.,other
