text,category,source
"watura godak wedi, rescue one.",rescue/missing,original
ape gedara damage wela.,shelter,original
ape amma hoy gnn ba.,rescue/missing,original
ape putha thuwala wela.,medical aid,original
safe accommodation one please.,shelter,original
medicine tikak hoyaganna ba.,medical aid,original
urgently safe place ekk one.,shelter,original
fuel station open da?,other,original
food relief center eka koheda?,food/water,original
watura bottle tikak one.,food/water,original
medicine nathi nisa amarui.,medical aid,original
water tank eka damage wela.,food/water,original
elderly kenekta help one.,medical aid,original
ape family eka homeless wela.,shelter,original
food and clean water help one.,food/water,original
please me thanata help ekak denna.,other,original
main road eka waturat yata wel.,other,original
ape gedara patient kenek innawa.,medical aid,original
gedara watura purila.,shelter,original
ape area eke inn arakshitha thanak ne.,shelter,original
temporary shelter ekak one.,shelter,original
patient kenekta medicine ne.,medical aid,original
kenek hoyaganna ba dan.,rescue/missing,original
baby kenek sick wela innwa .,medical aid,original
road eka block wela.,other,original
please send rescue team.,rescue/missing,original
api roof eke inne.,rescue/missing,original
road eka break wela.,other,original
ambulance ekak ewanna please.,medical aid,original
apit kanna bonna dewal ne.,food/water,original
ape gedara athule danger.,shelter,original
cooking karanna ba.,other,original
road eka open da?,other,original
kenek waturat gahagen gihin.,rescue/missing,original
rescue boat ekak one.,rescue/missing,original
clothes tikak one.,other,original
safe room ekak one.,shelter,original
"rice, dhal saha water one.",food/water,original
clean water one please.,food/water,original
petrol hoyaganna ba.,other,original
patient kenekta immediate help one.,medical aid,original
current eka ne me area eke.,other,original
apit arakshitha thankt yanna one.,shelter,original
torch batteries one.,other,original
ape gedara unsafe wela.,shelter,original
me thanata ambulance ekak ewanna.,medical aid,original
ape family ekata inna place ekak one.,shelter,original
phone charge karaganna place ekak one.,other,original
watura supply eka nawathila.,food/water,original
doctor kenek me paththata one.,medical aid,original
medical team ekak one me area ekata.,medical aid,original
food one please.,food/water,original
gedara thiyenna ba.,shelter,original
apit viyali ahara ewnn .,food/water,original
kama ookm tika iwara wela.,food/water,original
clean water available da?,food/water,original
mge gedara kenek unconscious wela.,medical aid,original
emergency medical help denna.,medical aid,original
ape nangi thama awe na.,rescue/missing,original
ape phone charge karanna ba.,other,original
blood one urgent please.,medical aid,original
road eka clear karanna help one.,other,original
rain eka nisa shelter one.,shelter,original
me area eke rescue team ekak one.,rescue/missing,original
phone network eka kawada enawada?,other,original
gedara athule wayasaka kenek innawa.,rescue/missing,original
drinking water supply karanna.,food/water,original
flood eka nisa trapped wela.,rescue/missing,original
rescue team ekak ewanna please.,rescue/missing,original
transport ekak one.,other,original
baby clothes one.,other,original
drinking water nathiwa inne.,food/water,original
lamayata fever thiyenawa.,medical aid,original
doctor kenek ikmanata one.,medical aid,original
gedara athule aya beragnn udau krnna .,rescue/missing,original
arakshitha kandaurat ynna transport one.,shelter,original
drinking water hoyaganna ba.,food/water,original
medical officer kenek one.,medical aid,original
hospital transport one.,medical aid,original
api dan shelter ekak hoyanawa.,shelter,original
family 6 denekta shelter one.,shelter,original
rescue boat ekak ewanna.,rescue/missing,original
api evacuate karanna one.,rescue/missing,original
patient kenek stuck wela.,medical aid,original
safe place ekakata yanna help karanna.,shelter,original
sick patient kenek rescue karanna one.,medical aid,original
rescue team eka me paththe enawada?,rescue/missing,original
ape thaththa missing.,rescue/missing,original
me area eke situation eka kohomada?,other,original
transport help one.,other,original
ape house eka collapse wenna wage.,shelter,original
mge amma ta amarui .ambulance ekk ewnn please.,medical aid,original
current eka thiyenne ne.,other,original
lamayek hoyaganna help ekk one.,rescue/missing,original
current eka ikmanata denna.,other,original
safe shelter ekak thiyenawada?,shelter,original
missing kenek gena information thiyenawada?,rescue/missing,original
thuwal una aya innawa.,medical aid,original
building eka inspect karanna one.,other,original
shelter ekak denna puluwanda?,shelter,original
beheth ganna pharmacy ekata yanna ba.,medical aid,original
phone battery low.,other,original
house eka clean karanna help one.,other,original
baby milk saha food one.,food/water,original
sanitary items one.,other,original
ikmanata ambulance ekak one.,medical aid,original
drinking water urgently one.,food/water,original
rice saha water one.,food/water,original
api dan safe place ekak hoyanawa.,shelter,original
"patient kenek innawa, medical help one.",medical aid,original
kanna deyak ne me gedara.,food/water,original
medical help urgently one.,medical aid,original
watura saha knna tikak one.,food/water,original
beheth iwara wela.,medical aid,original
kanna food tikak hoyala denna.,food/water,original
medicine saha doctor help one.,medical aid,original
"api 6 denek inne, kama one.",food/water,original
kenek missing wela.,rescue/missing,original
safe place ekak one please api yata wel.,shelter,original
doctor kenek contact karanna one.,medical aid,original
elderly person kenek missing.,rescue/missing,original
ape area ekt viyali ahara ewnn plwnd .,food/water,original
safe building ekak hoyanna one.,shelter,original
bonna watura na.,food/water,original
kenek watura gihin missing.,rescue/missing,original
food relief ekak one.,food/water,original
family ekata temporary place one.,shelter,original
road condition eka dannawada?,other,original
ape ammata asthma medicine one.,medical aid,original
child kenek missing.,rescue/missing,original
shelter ekakata yanna help one.,shelter,original
rescue help denna puluwanda?,rescue/missing,original
family membersla dennek missing.,rescue/missing,original
blankets tikak one.,other,original
water supply eka ne.,food/water,original
water pump eka wada ne.,other,original
ape family members trapped wela.,rescue/missing,original
shelter support one.,shelter,original
safe building ekak one immediately.,shelter,original
ape family eke kenekta medical help one.,medical aid,original
evacuation center ekata yanna one.,shelter,original
kanna deyak hoyaganna ba.,food/water,original
lamai godak innwa apit kama parcel tkk ewnn plwnd .,food/water,original
me area eke safe shelter thiyenawada?,shelter,original
medical support ekk one please.,medical aid,original
general supplies tikak one.,other,original
please rescue karanna.,rescue/missing,original
me paththa dangerous da?,other,original
gedara athule aya innawa.,rescue/missing,original
night eka innata place ne.,shelter,original
ape gedara water ne.,food/water,original
rice tikak hari ewanna.,food/water,original
flashlight ekak one.,other,original
"ape gedarata watura gihin, ikmnt apiwa beragnn enn .",shelter,original
food supplies tikak one.,food/water,original
communication center ekak thiyenawada?,other,original
injured kenek innawa me gedara.,medical aid,original
apit dawas dekak kanna na.,food/water,original
ape nangi ta medicine one.,medical aid,original
watura ganna widihak ne.,food/water,original
water bottle ekak wath ne.,food/water,original
child kenek hoyaganna one.,rescue/missing,original
shelter ekak open karalada?,shelter,original
please medical team ekak hoyala denna.,medical aid,original
me area ekata yanna puluwanda?,other,original
food supplies one urgently.,food/water,original
candles tikak one.,other,original
food ekak aran enna puluwanda?,food/water,original
shelter ekata family eka aran yanna.,shelter,original
wessa nisa gedara innata ba.,shelter,original
baby food one urgent.,food/water,original
safe drinking water one.,food/water,original
medical emergency ekak.,medical aid,original
information ekak hoyaganna one.,other,original
kids la hungry inne.,food/water,original
api building roof eke inne.,rescue/missing,original
api food nathiwa inne.,food/water,original
tree ekak road eka uda watila.,other,original
mobile signal hoyaganna ba.,other,original
shelter ekak hoyaganna help one.,shelter,original
"lamai innawa, safe place one.",shelter,original
family ekata safe place one.,shelter,original
ape seeya missing.,rescue/missing,original
lamaya school idala awe ne.,rescue/missing,original
api upakara balaporoththu wenawa.,rescue/missing,original
gedara roof eka damage wela.,shelter,original
rescue vehicle ekak one.,rescue/missing,original
ape family eke sick aya innawa.,medical aid,original
ape area ekata dry rations one.,food/water,original
missing child kenek hoyanawa.,rescue/missing,original
ape gedara food na.,food/water,original
thuwala walata bandage one.,medical aid,original
flooded area eke stuck wela.,rescue/missing,original
safe place ekak hoyala denna.,shelter,original
"old people innawa, safe place one.",shelter,original
ape putha hoyaganna one.,rescue/missing,original
medical team ekak ewanna puluwanda?,medical aid,original
shelter ekak thiyenawanam kiyanna.,shelter,original
thuwala una kenek innawa.,medical aid,original
gas cylinder eka na.,other,original
missing person kenek hoyanawa.,rescue/missing,original
ape brother missing wela.,rescue/missing,original
electricity supply eka nathi wela.,other,original
ape nangi hoyaganna ba.,rescue/missing,original
tree tika ain karanna one.,other,original
battery charge karaganna ba.,other,original
baby ta medicine one.,medical aid,original
road clearance help one.,other,original
gedara athule 5 denek innawa.,rescue/missing,original
"api stuck wela, help karanna.",rescue/missing,original
"watura godk wedi, rescuee one.",rescue/missing,synthetic
"watura godak wedi, resce onee.",rescue/missing,synthetic
"wathura godak weedi, rescue one.",rescue/missing,synthetic
"watura godak wedhi, reskue one.",rescue/missing,synthetic
ape gedara damage wel.,shelter,synthetic
aape gedara damage wela.,shelter,synthetic
ap gedara damage wela.,shelter,synthetic
ape gedaraa damage wela.,shelter,synthetic
ape amma hoy gnn ba.,rescue/missing,synthetic
ape amma hoy gnn ba.,rescue/missing,synthetic
ape amma hooy gnn ba.,rescue/missing,synthetic
ape amma hoy gnn ba.,rescue/missing,synthetic
ape putha tuwala wela.,medical aid,synthetic
ape putha thuwala welaa.,medical aid,synthetic
ape puutha tuwala wela.,medical aid,synthetic
ape putha thuwala wla.,medical aid,synthetic
safe accommodation one pleas.,shelter,synthetic
safe accommodathion one please.,shelter,synthetic
safe accommodation on please.,shelter,synthetic
safe accommodaation one please.,shelter,synthetic
medhicine tkak hoyaganna ba.,medical aid,synthetic
medicine tikak hoyganna ba.,medical aid,synthetic
mdicine tkak hoyaganna ba.,medical aid,synthetic
medhicine tikak hoyaganna ba.,medical aid,synthetic
urgeently safe place ekk one.,shelter,synthetic
urgntly safe place ekk one.,shelter,synthetic
urgently safe place ekk on.,shelter,synthetic
uurgently safe place ekk one.,shelter,synthetic
fuel station open daa?,other,synthetic
fuel station opn da?,other,synthetic
fuel station open daa?,other,synthetic
fel station open daa?,other,synthetic
foood relief center eca koheda?,food/water,synthetic
foood relief centher eka koheda?,food/water,synthetic
food relief centr eka koheda?,food/water,synthetic
foodh relief center eka koheda?,food/water,synthetic
watura bttle tikaak one.,food/water,synthetic
watura bottle thikak one.,food/water,synthetic
watura bothtle tikak one.,food/water,synthetic
watura bottl tiikak one.,food/water,synthetic
medhicine nathi nisa amarui.,medical aid,synthetic
medicinee nathi nisa amarui.,medical aid,synthetic
mdicine nathi nisa amarui.,medical aid,synthetic
medicine nathii nisa amaru.,medical aid,synthetic
water tank eka damage vela.,food/water,synthetic
water tank eeka damage wela.,food/water,synthetic
water tank eka damge wela.,food/water,synthetic
water tank eca damage wela.,food/water,synthetic
elderly kenekta help one.,medical aid,synthetic
eldeerly kenekta help one.,medical aid,synthetic
elderly keenekta help one.,medical aid,synthetic
elderly kenektha help one.,medical aid,synthetic
ap family eka homeless wel.,shelter,synthetic
ape family eka homeless wel.,shelter,synthetic
ape fmily eka homeless wela.,shelter,synthetic
ape famly eka homeless wel.,shelter,synthetic
food and clean wather help one.,food/water,synthetic
food and clen water help one.,food/water,synthetic
food and clean water help on.,food/water,synthetic
food aand clean water help one.,food/water,synthetic
pleease me thanata help ekak denna.,other,synthetic
please me tanata help ekak denna.,other,synthetic
pleasee me thanat help ekak denna.,other,synthetic
please me thanaata help ekak denna.,other,synthetic
min road eka waturat yatha wel.,other,synthetic
main roaad eka wathurat yata wel.,other,synthetic
main roadh eca waturat yata wel.,other,synthetic
main roaad eka waturat yata wel.,other,synthetic
ape gedara patient kenek innava.,medical aid,synthetic
ape gedara patient kenek innava.,medical aid,synthetic
ape gedara ptient kenek innawa.,medical aid,synthetic
ape gedara pathient kenek innawa.,medical aid,synthetic
gedara watura purila.,shelter,synthetic
gedaara watura purila.,shelter,synthetic
gedaara watura purila.,shelter,synthetic
gedara wathura purila.,shelter,synthetic
ape area ek inn arakshitha thanak ne.,shelter,synthetic
ape area eke inn arakshith thanaak ne.,shelter,synthetic
ape area eke inn arakshitha thanak ne.,shelter,synthetic
ape area ece inn arakshitha thanak ne.,shelter,synthetic
tempoorary shelter ekak one.,shelter,synthetic
temporary shelther ekak on.,shelter,synthetic
teemporary shelter ekak one.,shelter,synthetic
temporary shelter ekak on.,shelter,synthetic
pathient kenektha medicine ne.,medical aid,synthetic
patient kenekta medcine n.,medical aid,synthetic
patient kenekta meedicine ne.,medical aid,synthetic
ptient kenekta medicine n.,medical aid,synthetic
knek hoyaganna baa dan.,rescue/missing,synthetic
cenek hoyaganna ba dn.,rescue/missing,synthetic
cenek hoyaganna ba dan.,rescue/missing,synthetic
keenek hoyaganna ba dan.,rescue/missing,synthetic
baaby cenek sick wela innwa .,medical aid,synthetic
baby kenek sick wela innwa .,medical aid,synthetic
baby kenek sick wela innwaa .,medical aid,synthetic
baby kenek siick wela innwa .,medical aid,synthetic
rooad eka block wela.,other,synthetic
roadh eka block weela.,other,synthetic
road eka block welaa.,other,synthetic
road eca block wela.,other,synthetic
please send rescue tem.,rescue/missing,synthetic
please seend rscue team.,rescue/missing,synthetic
please send rescue theam.,rescue/missing,synthetic
please send rescuee theam.,rescue/missing,synthetic
api roof ece inne.,rescue/missing,synthetic
api roof eeke inne.,rescue/missing,synthetic
api rooof eke inne.,rescue/missing,synthetic
api roof eeke inne.,rescue/missing,synthetic
road eka break wla.,other,synthetic
road eeka brek wela.,other,synthetic
roaad eka breac wela.,other,synthetic
road eeka break wela.,other,synthetic
ambulance ecak ewanna pleasee.,medical aid,synthetic
ambulance ekaak ewanna pleasee.,medical aid,synthetic
ambulance ekaak ewanna please.,medical aid,synthetic
ambulance ekak ewanna plese.,medical aid,synthetic
aapit kanna bonna dewal ne.,food/water,synthetic
apit kanna bonna dhewal ne.,food/water,synthetic
apt kanna bonna dewal ne.,food/water,synthetic
apit knna bonna dewal ne.,food/water,synthetic
aape gedara athuule danger.,shelter,synthetic
aape gedara atule danger.,shelter,synthetic
aape gedara athule dhanger.,shelter,synthetic
ape gedara athule dhanger.,shelter,synthetic
coooking karanna ba.,other,synthetic
cooking kranna ba.,other,synthetic
cooking karann baa.,other,synthetic
coking karanna ba.,other,synthetic
road ek open da?,other,synthetic
rod ek open da?,other,synthetic
road eeka open da?,other,synthetic
road eeka open d?,other,synthetic
kenek watuurat gahagen gihin.,rescue/missing,synthetic
kenek waturat gahaagen ghin.,rescue/missing,synthetic
kenek waturat gahagen ghin.,rescue/missing,synthetic
kenek waturat gahaagen gihin.,rescue/missing,synthetic
rescue boat ekk on.,rescue/missing,synthetic
rescuue boat ekak onee.,rescue/missing,synthetic
rescue booat ekak on.,rescue/missing,synthetic
rscue boat ekak one.,rescue/missing,synthetic
cloothes tikak one.,other,synthetic
clothes thikak on.,other,synthetic
clothees tikk one.,other,synthetic
clothes thikak one.,other,synthetic
safe room ecak on.,shelter,synthetic
safe room ecak one.,shelter,synthetic
safe room ekak one.,shelter,synthetic
safe room ekaak one.,shelter,synthetic
"rice, dhal saha watr oone.",food/water,synthetic
"rike, dhal saha waater one.",food/water,synthetic
"rice, dhl saha water on.",food/water,synthetic
"rice, dhal saha water one.",food/water,synthetic
clean wter one please.,food/water,synthetic
clean water one pleaase.,food/water,synthetic
clean wateer one please.,food/water,synthetic
clean wter oone please.,food/water,synthetic
petrol hoyagannaa ba.,other,synthetic
petrol hyaganna b.,other,synthetic
ptrol hoyaganna ba.,other,synthetic
petrol hoyagaanna ba.,other,synthetic
ptient kenekta immediate hlp one.,medical aid,synthetic
patient kenekta immediat help one.,medical aid,synthetic
patient kenekta immediate help one.,medical aid,synthetic
patient kenekt immediate help one.,medical aid,synthetic
current eka ne me are eke.,other,synthetic
curreent eka ne me area eeke.,other,synthetic
current eka ne me aarea eke.,other,synthetic
cuurrent eka ne me area eke.,other,synthetic
apith arakshitha thankt yanna one.,shelter,synthetic
apit arakshita thankt yann one.,shelter,synthetic
apit arakshita thankt yanna one.,shelter,synthetic
apt arkshitha thankt yanna one.,shelter,synthetic
trch batteries onee.,other,synthetic
torch baatteries one.,other,synthetic
torch batteres one.,other,synthetic
toorch batteries one.,other,synthetic
ape gedara unsaf welaa.,shelter,synthetic
ape gedara unsfe welaa.,shelter,synthetic
ape gedara unsafe wela.,shelter,synthetic
apee gedara unsafe vela.,shelter,synthetic
me thanata ambulaance ekak ewanna.,medical aid,synthetic
me thanata aambulance ekak ewanna.,medical aid,synthetic
me thanata ambulanc ekak ewanna.,medical aid,synthetic
me thanaata ambulance ekk ewanna.,medical aid,synthetic
ape family ekata inna place ekk one.,shelter,synthetic
ape family ekata innaa place ekak one.,shelter,synthetic
ape family ekata inna plaace ekak one.,shelter,synthetic
ap family ekata inna place ekak one.,shelter,synthetic
phone charge karaganna plce ekak one.,other,synthetic
phone charge karaganna plake ekak on.,other,synthetic
phone kharge karaganna place ekak oone.,other,synthetic
phone charge caraganna plac ekak one.,other,synthetic
watura supply ekaa nawathila.,food/water,synthetic
watura spply ek nawathila.,food/water,synthetic
wathura supply eka nawathila.,food/water,synthetic
watuura supply eka nawathila.,food/water,synthetic
doctor kenk me paththaata one.,medical aid,synthetic
doctoor kenek me paththata one.,medical aid,synthetic
doctr kenek me paththata one.,medical aid,synthetic
doctor keenek me paththata one.,medical aid,synthetic
medical team ekak one me ara ekata.,medical aid,synthetic
medical team ecak one me area ekat.,medical aid,synthetic
medical team ekk one me area ekatha.,medical aid,synthetic
medical team ecak one me area ekata.,medical aid,synthetic
food one please.,food/water,synthetic
food one please.,food/water,synthetic
foood one pleasee.,food/water,synthetic
food on plese.,food/water,synthetic
geedara thiyeenna ba.,shelter,synthetic
geedara thyenna ba.,shelter,synthetic
gedara thiiyenna ba.,shelter,synthetic
gedara thiyenna baa.,shelter,synthetic
apit wiyali ahara ewnn .,food/water,synthetic
apit viyali ahara ewnn .,food/water,synthetic
apit viyli ahara ewnn .,food/water,synthetic
apit viyalii ahara ewnn .,food/water,synthetic
kamaa oocm tika iwara wela.,food/water,synthetic
cama ookm tika iwara wela.,food/water,synthetic
kaama ookm tika iwara weela.,food/water,synthetic
kamaa ookm tika iwara wel.,food/water,synthetic
clean wateer available da?,food/water,synthetic
clean waater available daa?,food/water,synthetic
klean water availble da?,food/water,synthetic
clean water awailable da?,food/water,synthetic
mgee gedara knek unconscious wela.,medical aid,synthetic
mge gedhara kenek unkonscious wela.,medical aid,synthetic
mgee gedara kenek unconscious wela.,medical aid,synthetic
mg gedara kenek unconscious wel.,medical aid,synthetic
emergency mediical help deenna.,medical aid,synthetic
emergency medical help dhenna.,medical aid,synthetic
emergency medcal help dhenna.,medical aid,synthetic
emergency medcal hlp denna.,medical aid,synthetic
aape nangi thama awe na.,rescue/missing,synthetic
ape nang thama awe na.,rescue/missing,synthetic
ape nangi tham awe na.,rescue/missing,synthetic
ape nangi thama awe na.,rescue/missing,synthetic
ape phone charge caranna ba.,other,synthetic
ape phne charge karanna ba.,other,synthetic
ape phone kharge karanna ba.,other,synthetic
apee phone charge karanna ba.,other,synthetic
blod one urgnt please.,medical aid,synthetic
bloood one urgent pleasee.,medical aid,synthetic
blood one urgent please.,medical aid,synthetic
blood on urgnt please.,medical aid,synthetic
roadh eka clear karanna help one.,other,synthetic
rooad eka clear karanna help one.,other,synthetic
road eka cleear karanna help one.,other,synthetic
road eka cler karanna help one.,other,synthetic
raain eka nisa shelter one.,shelter,synthetic
rain eka nisa shlter one.,shelter,synthetic
rain eka nisa sheelter on.,shelter,synthetic
raiin eka nisaa shelter one.,shelter,synthetic
me ara eke reskue team ekak one.,rescue/missing,synthetic
me area eke rescue team ekak on.,rescue/missing,synthetic
m area eke rescue team ekak one.,rescue/missing,synthetic
me are eke rescue team ekak one.,rescue/missing,synthetic
phone network eka kawada enawda?,other,synthetic
phone nethwork eka kawada enawada?,other,synthetic
phone nethwork eka kawada enawada?,other,synthetic
phne network ek kawada enawada?,other,synthetic
gedara athule wayasaka keneek innawa.,rescue/missing,synthetic
gedara athule wayasaka cenek iinnawa.,rescue/missing,synthetic
gedara athule wayasak kenek innawa.,rescue/missing,synthetic
gdara athule wayasaka kenek innwa.,rescue/missing,synthetic
drinking watr supply karanna.,food/water,synthetic
dhrinking water supply karanna.,food/water,synthetic
drinkiing water supply karanna.,food/water,synthetic
dhrinking water supply karanna.,food/water,synthetic
flood ek nsa trapped wela.,rescue/missing,synthetic
flood eka nisa trapped wela.,rescue/missing,synthetic
floood eka nisa trapped wela.,rescue/missing,synthetic
flood ek nisa trappeed wela.,rescue/missing,synthetic
rescu team ekak ewanna pleas.,rescue/missing,synthetic
rscue tem ekak ewanna please.,rescue/missing,synthetic
rescue team ekk ewannaa please.,rescue/missing,synthetic
rescue team ekak evanna please.,rescue/missing,synthetic
transport ekak one.,other,synthetic
transport ekk one.,other,synthetic
trnsport ecak one.,other,synthetic
traansport ekak one.,other,synthetic
baaby clothes one.,other,synthetic
baby clothes one.,other,synthetic
baby cloths oone.,other,synthetic
baby clothes on.,other,synthetic
drinking water nathiwa iinne.,food/water,synthetic
driinking water natiwa inne.,food/water,synthetic
drinking water natiwa inne.,food/water,synthetic
drinking water natiwa inne.,food/water,synthetic
lamayata fever thiyeenawa.,medical aid,synthetic
lamyata fever thiyenawa.,medical aid,synthetic
lamayata feveer thiynawa.,medical aid,synthetic
lamayaata fver thiyenawa.,medical aid,synthetic
dooctor kenek ikmanata one.,medical aid,synthetic
doctor cenek ikmanata one.,medical aid,synthetic
doctor kenek ikmanat one.,medical aid,synthetic
doctor kenek ikmanat one.,medical aid,synthetic
gedara athule aya beragnn udau krnn .,rescue/missing,synthetic
geedara athule aya beragnn udau krnna .,rescue/missing,synthetic
gedara athule ayaa beragnn udhau krnna .,rescue/missing,synthetic
gedaraa athule aya beragnn udauu krnna .,rescue/missing,synthetic
arakshithaa kandaurat ynna transport one.,shelter,synthetic
arakshitha kandaurat ynnaa transport on.,shelter,synthetic
arakshitha kandaurat ynna thransport one.,shelter,synthetic
arakshitha kandaurat ynna transpoort one.,shelter,synthetic
drinking wter hoyaganna b.,food/water,synthetic
driinking wather hoyaganna ba.,food/water,synthetic
drinking water hoyaganna baa.,food/water,synthetic
drinking wateer hoyaganna ba.,food/water,synthetic
medical officer kenek oone.,medical aid,synthetic
mdical officer cenek one.,medical aid,synthetic
medical officeer kenek on.,medical aid,synthetic
medhical officer kenek one.,medical aid,synthetic
hospital trnsport one.,medical aid,synthetic
hosptal transport on.,medical aid,synthetic
hospital transpoort one.,medical aid,synthetic
hospital trnsport one.,medical aid,synthetic
api dan shelter ekak hoyanawa.,shelter,synthetic
api daan shelter ecak hoyanawa.,shelter,synthetic
aapi dan shelter ekak hoyanawa.,shelter,synthetic
apii dan shelter ekak hooyanawa.,shelter,synthetic
family 6 denektaa shelter one.,shelter,synthetic
family 6 denekta shelter one.,shelter,synthetic
family 6 denekta shelter on.,shelter,synthetic
family 6 denekta shelter one.,shelter,synthetic
rescue boat ekak ewann.,rescue/missing,synthetic
rescue bat ekak ewanna.,rescue/missing,synthetic
rescue boat ekaak ewaanna.,rescue/missing,synthetic
rescue boat ekak ewann.,rescue/missing,synthetic
api evacuathe karanna one.,rescue/missing,synthetic
api evacuaate karanna one.,rescue/missing,synthetic
api evacuat karanna one.,rescue/missing,synthetic
ap evacuate karnna one.,rescue/missing,synthetic
patient kenek stck wela.,medical aid,synthetic
patient knek sthuck wela.,medical aid,synthetic
paatient cenek stuck wela.,medical aid,synthetic
patient keneek stuck wela.,medical aid,synthetic
safe place ekakata yanna help karannaa.,shelter,synthetic
safe place eekakata yanna help karanna.,shelter,synthetic
safe place ekakatha yanna help karanna.,shelter,synthetic
safe plake ekakata yanna help karanna.,shelter,synthetic
sick patient kenek resce karanna on.,medical aid,synthetic
sck patient kenek reskue karanna one.,medical aid,synthetic
sick patient kenek rescue karanna on.,medical aid,synthetic
sick patient cenek rescue karanna onee.,medical aid,synthetic
rescue tam eca me paththe enawada?,rescue/missing,synthetic
rescue teaam eka me paththe enawada?,rescue/missing,synthetic
rescue team eca me paththe enawadha?,rescue/missing,synthetic
reskue team eka me pathth enawada?,rescue/missing,synthetic
ape taththa missing.,rescue/missing,synthetic
ape taththa missiing.,rescue/missing,synthetic
ape thththa miissing.,rescue/missing,synthetic
ape thththa missing.,rescue/missing,synthetic
me area eke situation eka kohomada?,other,synthetic
me aarea eke situation eca kohomada?,other,synthetic
me area eke situation eka kohomada?,other,synthetic
me area ek situation eka kohomada?,other,synthetic
transport hlp oone.,other,synthetic
transport heelp one.,other,synthetic
transpoort help one.,other,synthetic
transport heelp one.,other,synthetic
aape house eka collapse wenna vage.,shelter,synthetic
ape house eka collapse wnna wage.,shelter,synthetic
ape house eka collapse wenna wage.,shelter,synthetic
ape house eca collapse wennaa wage.,shelter,synthetic
mge amma ta amarui .ambulance ekk ewnn pleease.,medical aid,synthetic
mge amma ta amarui .ambulance ekk evnn please.,medical aid,synthetic
mge amma ta amaru .ambulanke ekk ewnn please.,medical aid,synthetic
mge amma ta amarui .ambulance ekk ewnn please.,medical aid,synthetic
current eka tiyenne ne.,other,synthetic
crrent eka tiyenne ne.,other,synthetic
current eca thiyenne ne.,other,synthetic
current eka tiyenne ne.,other,synthetic
lamayk hoyagann help ekk one.,rescue/missing,synthetic
lamayek hoyaaganna help ekk one.,rescue/missing,synthetic
lamayek hoyaganna help ekk one.,rescue/missing,synthetic
lamayek hoyaganna help eekk one.,rescue/missing,synthetic
current ek ikmanata dhenna.,other,synthetic
currenth eka ikmanata denn.,other,synthetic
current eka ikmanata dnna.,other,synthetic
current eca ikmanata denna.,other,synthetic
safe shelter ekk tiyenawada?,shelter,synthetic
safe shlter ekak thiyenawada?,shelter,synthetic
safe shelteer ekak thiyenawada?,shelter,synthetic
safe shelter ekak tiyenawada?,shelter,synthetic
missing knek gena informatin thiyenawada?,rescue/missing,synthetic
missing kenek gen informathion thiyenawada?,rescue/missing,synthetic
missing knek gen information thiyenawada?,rescue/missing,synthetic
missing kenek gena informaation tiyenawada?,rescue/missing,synthetic
tuwal una ay innawa.,medical aid,synthetic
thuwal una aya innava.,medical aid,synthetic
thuwal una aya innawaa.,medical aid,synthetic
thuwal un aya innawa.,medical aid,synthetic
buuilding eka inspecth karanna one.,other,synthetic
bilding eka inspct karanna one.,other,synthetic
buuilding eka inspect caranna one.,other,synthetic
building ekaa inspect caranna one.,other,synthetic
shelther ekak denna puluwandaa?,shelter,synthetic
shelter ekak denna puluwaanda?,shelter,synthetic
sheelter ekak denna puluwanda?,shelter,synthetic
shlter ekaak denna puluwanda?,shelter,synthetic
beheth ganna pharmacy ekata yanna ba.,medical aid,synthetic
beheth gnna pharmacy ekata yanna ba.,medical aid,synthetic
beheth ganna pharmacy ekata yanna baa.,medical aid,synthetic
beheth ganna phaarmacy ekata yanna ba.,medical aid,synthetic
phone battery low.,other,synthetic
phonee battery low.,other,synthetic
phone battery lov.,other,synthetic
phone battery lw.,other,synthetic
house eka clean karannaa help one.,other,synthetic
house eca clean karanna help one.,other,synthetic
house eka clean karnna help one.,other,synthetic
house eka cleean karanna help one.,other,synthetic
baby milk saha food oone.,food/water,synthetic
baby miilk saha foood one.,food/water,synthetic
baby milk sah food one.,food/water,synthetic
baby milk saha food on.,food/water,synthetic
santary items one.,other,synthetic
sanitry items one.,other,synthetic
sanitry items one.,other,synthetic
sanitary items on.,other,synthetic
ikmanta ambulanke ekak one.,medical aid,synthetic
ikmanat ambulance ekak onee.,medical aid,synthetic
ikmnata ambulance ekak onee.,medical aid,synthetic
ikmnata ambulance ekak one.,medical aid,synthetic
drinking water urgently on.,food/water,synthetic
driinking water urgntly one.,food/water,synthetic
drinking water urgently oone.,food/water,synthetic
driinking water urgently one.,food/water,synthetic
riice saha water one.,food/water,synthetic
rice saha water one.,food/water,synthetic
ricee saha water one.,food/water,synthetic
ric sha water one.,food/water,synthetic
api dan safe place ekak hoyanava.,shelter,synthetic
api dan safe plce ekak hyanawa.,shelter,synthetic
api daan safe placee ekak hoyanawa.,shelter,synthetic
api dan safe place ekak hoyanava.,shelter,synthetic
"patint kenk innawa, medical help one.",medical aid,synthetic
"patient kenek iinnawa, medical help one.",medical aid,synthetic
"patient kenek innawa, medicl help one.",medical aid,synthetic
"patient kenek innawa, medical help one.",medical aid,synthetic
canna deyak ne me gedara.,food/water,synthetic
kann deyak ne me gedara.,food/water,synthetic
kanna dheyak ne me gedara.,food/water,synthetic
canna deyak ne mee gedara.,food/water,synthetic
medcal help urgently onee.,medical aid,synthetic
medical help urgenthly one.,medical aid,synthetic
medical help urgenthly one.,medical aid,synthetic
meedical help urgntly one.,medical aid,synthetic
watura sha knna tikak one.,food/water,synthetic
watura sha knna thikak one.,food/water,synthetic
watura sahaa knna tikak one.,food/water,synthetic
watura saha knnaa tikak one.,food/water,synthetic
beheth iiwara wela.,medical aid,synthetic
beheth iwara wel.,medical aid,synthetic
beheth ivara weela.,medical aid,synthetic
bheth iwar wela.,medical aid,synthetic
kanna food tikaak hoyala denna.,food/water,synthetic
kanna food tikak hoyala dnna.,food/water,synthetic
kanna foood tiikak hoyala denna.,food/water,synthetic
knna foodh tikak hoyala denna.,food/water,synthetic
meedicine saha doctor help one.,medical aid,synthetic
medicine saha doctor heelp one.,medical aid,synthetic
medcine saha docthor help one.,medical aid,synthetic
medhicine saha doctor help one.,medical aid,synthetic
"api 6 denek inne, kama one.",food/water,synthetic
"ap 6 denek inne, kama one.",food/water,synthetic
"aapi 6 denek inne, kama one.",food/water,synthetic
"aapi 6 denek inne, kama onee.",food/water,synthetic
cenek missing wela.,rescue/missing,synthetic
kenk missiing wela.,rescue/missing,synthetic
kenek missing wela.,rescue/missing,synthetic
keenek missing wela.,rescue/missing,synthetic
safe placee ekaak one please api yata wel.,shelter,synthetic
safe place ekak one plase api yatha wel.,shelter,synthetic
safe plaace ekak on please api yata wel.,shelter,synthetic
safe place ekak one please api yaata wel.,shelter,synthetic
doctor keenek contact karnna one.,medical aid,synthetic
doctor kenek contact karanna oone.,medical aid,synthetic
docthor kenek contact karann one.,medical aid,synthetic
docthor cenek contact karanna one.,medical aid,synthetic
eldherly person kenek missing.,rescue/missing,synthetic
eldrly person knek missing.,rescue/missing,synthetic
eldherly person kenek missing.,rescue/missing,synthetic
eelderly person kenek missiing.,rescue/missing,synthetic
ape area ekt viyali ahara ewnn plwnd .,food/water,synthetic
ape area ekt viyali ahara ewnn plwnd .,food/water,synthetic
ape area ekt viiyali ahara ewnn plwnd .,food/water,synthetic
ape area ekt viyali ahra ewnn plwnd .,food/water,synthetic
safe buildhing ekak hoyanna onee.,shelter,synthetic
safe buildiing ekak hoyanna one.,shelter,synthetic
safe building ecak hoyann one.,shelter,synthetic
safe building ecak hoyanna one.,shelter,synthetic
bonna wtura naa.,food/water,synthetic
bonna watra naa.,food/water,synthetic
bonna wtura na.,food/water,synthetic
bonna wathura na.,food/water,synthetic
kenek watura gihn missing.,rescue/missing,synthetic
cenek watura gihin missing.,rescue/missing,synthetic
kenek watura gihin missing.,rescue/missing,synthetic
kenek watura gihin missng.,rescue/missing,synthetic
food relif ekak one.,food/water,synthetic
food relief ekak on.,food/water,synthetic
food relief ekak one.,food/water,synthetic
food relief eekak on.,food/water,synthetic
family ekata teemporary plaace one.,shelter,synthetic
family ekata themporary place on.,shelter,synthetic
fmily ekata temporary plac one.,shelter,synthetic
family ekataa teemporary place one.,shelter,synthetic
road conditon eka dannawada?,other,synthetic
roadh condithion eka dannawada?,other,synthetic
roadh condition eka dannwada?,other,synthetic
road condition ek dannawada?,other,synthetic
ape ammta asthma medicine one.,medical aid,synthetic
ape ammata asthm medicine one.,medical aid,synthetic
ape ammata asthmaa medicine one.,medical aid,synthetic
aape ammata asthma medicine one.,medical aid,synthetic
chiild kenek mssing.,rescue/missing,synthetic
chld kenek missing.,rescue/missing,synthetic
childh kenek missing.,rescue/missing,synthetic
child cenek missing.,rescue/missing,synthetic
shelter ekakaata yanna help one.,shelter,synthetic
shelter eekakata yanna help one.,shelter,synthetic
shelther ekakata yanna help onee.,shelter,synthetic
sheelter ekakata yanna help one.,shelter,synthetic
rescue help denna puluwanda?,rescue/missing,synthetic
rescue help dnna puluwanda?,rescue/missing,synthetic
rescue help dnna puluwanda?,rescue/missing,synthetic
rescue help denna puluwandha?,rescue/missing,synthetic
faamily mmbersla dennek missing.,rescue/missing,synthetic
famly membersla dennek missing.,rescue/missing,synthetic
family mmbersla dnnek missing.,rescue/missing,synthetic
famiily membersla dennek missing.,rescue/missing,synthetic
blankts tiikak one.,other,synthetic
blankts tikak one.,other,synthetic
blankets tkak one.,other,synthetic
blankets tiikak one.,other,synthetic
wter supply eka n.,food/water,synthetic
water supply eca ne.,food/water,synthetic
wather supply eka ne.,food/water,synthetic
water supply eka nee.,food/water,synthetic
water pump eka wada ne.,other,synthetic
water pump eka wadha ne.,other,synthetic
water pump eka wda ne.,other,synthetic
water pump eka wada ne.,other,synthetic
ape family members trapped wela.,rescue/missing,synthetic
ape family mmbers trapped wela.,rescue/missing,synthetic
ape family members thrapped wela.,rescue/missing,synthetic
ape famly mmbers trapped wela.,rescue/missing,synthetic
shlter support one.,shelter,synthetic
shelteer supporth one.,shelter,synthetic
shelter suppoort on.,shelter,synthetic
shelter support onee.,shelter,synthetic
safe bilding ekk one immediately.,shelter,synthetic
safe building eekak on immediately.,shelter,synthetic
safe building ecak one immediately.,shelter,synthetic
safe building ekak one immediately.,shelter,synthetic
ape family ek kenekta medical help one.,medical aid,synthetic
ape family eke kenekta medical hlp one.,medical aid,synthetic
ape family eke kenektha medical help one.,medical aid,synthetic
ape family ece kenekta medical help one.,medical aid,synthetic
evacuatin center ekatha yanna one.,shelter,synthetic
evacuation centr ekata yanna on.,shelter,synthetic
evacuation center ekat yanna onee.,shelter,synthetic
evacuation center ekata yanna on.,shelter,synthetic
kanna deyak hoyaganna ba.,food/water,synthetic
kanna deyak hoyaganna baa.,food/water,synthetic
kanna dheyak hoyaganna ba.,food/water,synthetic
knna deyak hoyagannaa ba.,food/water,synthetic
lamai godak innva apt kama parcel tkk ewnn plwnd .,food/water,synthetic
lamai godak innwa apit kama parcel tkk ewnn plwnd .,food/water,synthetic
lamai godak innwa apit kma parcel tkk ewnn plwnd .,food/water,synthetic
lamai godak innwa apit kama parkel tkk ewnn plwnd .,food/water,synthetic
me area ek safe shelther thiyenawada?,shelter,synthetic
me area eke saafe shelter thiyenawada?,shelter,synthetic
me area eke safe shelter thiyenawada?,shelter,synthetic
mee ara eke safe shelter thiyenawada?,shelter,synthetic
medical support eck one please.,medical aid,synthetic
medical support eck one please.,medical aid,synthetic
medical suupport ekk one please.,medical aid,synthetic
medical support ekk on please.,medical aid,synthetic
generaal supplies thikak one.,other,synthetic
genral supplies tikak one.,other,synthetic
geeneral suppliees tikak one.,other,synthetic
geeneral supplies thikak one.,other,synthetic
please resce karanna.,rescue/missing,synthetic
please rescue karaanna.,rescue/missing,synthetic
plase rescue karann.,rescue/missing,synthetic
please rescuee karnna.,rescue/missing,synthetic
me pattha dangerous daa?,other,synthetic
me pattha dangerous dha?,other,synthetic
mee paththa dhangerous da?,other,synthetic
me pathth dangerous da?,other,synthetic
gedara athule aaya innawa.,rescue/missing,synthetic
gedhara athuule aya innawa.,rescue/missing,synthetic
gedara aathule aya innava.,rescue/missing,synthetic
geedara atule aya innawa.,rescue/missing,synthetic
nighth eka innata place ne.,shelter,synthetic
night eka innata plce ne.,shelter,synthetic
night eka innata placee ne.,shelter,synthetic
night eka innat place ne.,shelter,synthetic
ape gedara wter ne.,food/water,synthetic
ape gedara waater ne.,food/water,synthetic
apee gedaraa water ne.,food/water,synthetic
ape gedara water n.,food/water,synthetic
rike tikaak hari ewanna.,food/water,synthetic
ricee tiikak hari ewanna.,food/water,synthetic
rice thikak hari ewanna.,food/water,synthetic
rice tiikak hari ewanna.,food/water,synthetic
flashlighth eekak one.,other,synthetic
flaashlight ekak one.,other,synthetic
flashlight ekak oone.,other,synthetic
flashlight ecak one.,other,synthetic
"ape gedarata watura gihin, ikmnt apiwa beragnn enn .",shelter,synthetic
"ape gedarata watura gihin, ikmnt apiiwa beragnn enn .",shelter,synthetic
"ape gedarata wathura gihin, ikmnt apiwa beragnn enn .",shelter,synthetic
"ape gedarata watura gihin, ikmnt apiwa beragnn enn .",shelter,synthetic
food supplies tikak one.,food/water,synthetic
food supplies thikak one.,food/water,synthetic
food supples tikak one.,food/water,synthetic
food supplis tikak onee.,food/water,synthetic
communicatiion centher ekak thiyenawada?,other,synthetic
communication ceenter ekak thiyenawada?,other,synthetic
communication center ekak thiyeenawada?,other,synthetic
communiction center ekak thiiyenawada?,other,synthetic
injured kenek innawa me gedar.,medical aid,synthetic
injuredh kenek innwa me gedara.,medical aid,synthetic
injured keneek innawa me gedhara.,medical aid,synthetic
injurd kenek innawa me gedra.,medical aid,synthetic
apit dawas dkak knna na.,food/water,synthetic
apiit dawas dekak kanna na.,food/water,synthetic
apit dawas dhekak kanna naa.,food/water,synthetic
apith dawas dekak kaanna na.,food/water,synthetic
ape nangi t medicine one.,medical aid,synthetic
ape nangi ta medicine one.,medical aid,synthetic
apee nangii ta medicine one.,medical aid,synthetic
ape nangi ta medicine on.,medical aid,synthetic
waturaa ganna widihak ne.,food/water,synthetic
watura ganna wdihak ne.,food/water,synthetic
waatura ganna widihak ne.,food/water,synthetic
watura ganna widihak nee.,food/water,synthetic
water bottle ecak wath ne.,food/water,synthetic
water bottle eekak wath ne.,food/water,synthetic
water bottle ekak wath n.,food/water,synthetic
water bottle ekaak wath ne.,food/water,synthetic
childh kenek hoyaganna one.,rescue/missing,synthetic
child kenek hoyaganna on.,rescue/missing,synthetic
child keneek hoyaganna one.,rescue/missing,synthetic
chiild kenek hoyaganna one.,rescue/missing,synthetic
shelter ekak open karalada?,shelter,synthetic
shelter ekak open karalada?,shelter,synthetic
shelter ecak open karalda?,shelter,synthetic
shlter ekak open karaladha?,shelter,synthetic
please medical theam ekak hoyala denna.,medical aid,synthetic
please medical tam ekak hoyala denna.,medical aid,synthetic
please medical teeam ekak hoyal denna.,medical aid,synthetic
please medical teeam ekak hoyal denna.,medical aid,synthetic
me area ekata yannaa puluwanda?,other,synthetic
mee area ekataa yanna puluwanda?,other,synthetic
me area ekata ynna puluwanda?,other,synthetic
me area ekata yannaa puluwanda?,other,synthetic
fod supplies one urgently.,food/water,synthetic
food supplies onee urgently.,food/water,synthetic
food supplies one urgently.,food/water,synthetic
food supplies one urgently.,food/water,synthetic
candles tkak one.,other,synthetic
candls tikk one.,other,synthetic
candhles tikak one.,other,synthetic
candles tikak on.,other,synthetic
foood ekak aran enn puluwanda?,food/water,synthetic
food ecak arn enna puluwanda?,food/water,synthetic
food ekk aran enna puluwandha?,food/water,synthetic
food ekak arn enna puluwandha?,food/water,synthetic
shelter ekatha family eka aran yanna.,shelter,synthetic
sheltr ekta family eka aran yanna.,shelter,synthetic
shelther ekta family eka aran yanna.,shelter,synthetic
shelter ekata famiily eka aran yanna.,shelter,synthetic
wessa nisa gdara innatha ba.,shelter,synthetic
wessa nisa gedaraa innata ba.,shelter,synthetic
wessa nsa gedaara innata ba.,shelter,synthetic
wessa nisa gdara innata ba.,shelter,synthetic
baby food one urgent.,food/water,synthetic
baaby food one urgnt.,food/water,synthetic
baby food one urgent.,food/water,synthetic
baby foood one urgeent.,food/water,synthetic
saf drinking wter one.,food/water,synthetic
safe driinking water one.,food/water,synthetic
sfe drinking water one.,food/water,synthetic
safe drinking wather one.,food/water,synthetic
medical emeergency ekak.,medical aid,synthetic
medical emrgency ecak.,medical aid,synthetic
medhical eemergency ekak.,medical aid,synthetic
medical emergeency ecak.,medical aid,synthetic
informtion ekak hoyaganna one.,other,synthetic
information ekak hoyaganna on.,other,synthetic
information ekak hoyaganna onee.,other,synthetic
information ekak hoyaganna one.,other,synthetic
kids la huungry inn.,food/water,synthetic
kidhs la hungry inne.,food/water,synthetic
kids laa hungry inne.,food/water,synthetic
kids la huungry inne.,food/water,synthetic
api building roof eke inn.,rescue/missing,synthetic
api building roof eke inne.,rescue/missing,synthetic
apii building roof eke inne.,rescue/missing,synthetic
api building roof ek inne.,rescue/missing,synthetic
ap food nathiwa innee.,food/water,synthetic
aapi foodh nathiwa inne.,food/water,synthetic
api food nathiiwa inne.,food/water,synthetic
apii food natiwa inne.,food/water,synthetic
tree ekaak roaad eka uda watila.,other,synthetic
tree ekak roadh eka uda watila.,other,synthetic
treee ekak road eka uda watila.,other,synthetic
tree ekak road ekaa udha watila.,other,synthetic
mobile signal hoyaganna ba.,other,synthetic
mobile signl hoyaganna ba.,other,synthetic
mobile signal hoyaganna ba.,other,synthetic
mobile signl hoyaganna b.,other,synthetic
shelter ekak hoyaganna help on.,shelter,synthetic
shelter ekak hoyaganna heelp one.,shelter,synthetic
shelter ekak hoyaganna hlp on.,shelter,synthetic
shelter ekak hoyaganna help one.,shelter,synthetic
"lamai innaawa, safe plaace one.",shelter,synthetic
"lamai innaw, safe place on.",shelter,synthetic
"lamai innava, safe place oone.",shelter,synthetic
"laamai innawa, safe place one.",shelter,synthetic
family ekataa safe plaace one.,shelter,synthetic
family ekata safe place one.,shelter,synthetic
famly ekata safe place one.,shelter,synthetic
family ekata safe place onee.,shelter,synthetic
ape seeya missing.,rescue/missing,synthetic
aape seeya missing.,rescue/missing,synthetic
ape seeeya missing.,rescue/missing,synthetic
ape seeeya missing.,rescue/missing,synthetic
lamaya school idala awe ne.,rescue/missing,synthetic
lamaya school idala aw ne.,rescue/missing,synthetic
lamaya schol idala awe n.,rescue/missing,synthetic
lamaya school idala aw ne.,rescue/missing,synthetic
apii upacara balaporoththu wenawa.,rescue/missing,synthetic
api upakara balaporoththu wenawa.,rescue/missing,synthetic
api upakara baalaporoththu venawa.,rescue/missing,synthetic
api uupakara balaporoththu wenawa.,rescue/missing,synthetic
gedara roof eca damage wela.,shelter,synthetic
gedara roof eka damage wela.,shelter,synthetic
gedhara roof eka damage wela.,shelter,synthetic
gedaara roof eka damage wela.,shelter,synthetic
rescue veehicle ekak one.,rescue/missing,synthetic
rescue vehiclee eekak one.,rescue/missing,synthetic
rescue vehicle ekaak one.,rescue/missing,synthetic
reescue vehicle ekak one.,rescue/missing,synthetic
ape family eke sicc aya innawa.,medical aid,synthetic
ape famiily eke sick ay innawa.,medical aid,synthetic
ape family ekee siick aya innawa.,medical aid,synthetic
ape faamily ekee sick aya innawa.,medical aid,synthetic
ape area ekaata dry rations one.,food/water,synthetic
ape area ekata dry rations oone.,food/water,synthetic
apee area ekata dry rations oone.,food/water,synthetic
ape area ekata dry raations on.,food/water,synthetic
missing childh kenek hoyanawa.,rescue/missing,synthetic
missing child cenek hoyanawa.,rescue/missing,synthetic
missing child cenek hoyanawa.,rescue/missing,synthetic
missing chld kenek hoyanawa.,rescue/missing,synthetic
ape gedara food na.,food/water,synthetic
aape gedara food na.,food/water,synthetic
ape geedara fod na.,food/water,synthetic
ap gedaara food na.,food/water,synthetic
thuwala walatha bandage one.,medical aid,synthetic
tuwala walata bandage one.,medical aid,synthetic
thuwala walata bandge one.,medical aid,synthetic
thuwala walata bandage on.,medical aid,synthetic
floded area eke stuck wela.,rescue/missing,synthetic
floodhed area eke stuck wela.,rescue/missing,synthetic
flooded area eke stuck wla.,rescue/missing,synthetic
flooded area ek stuck wela.,rescue/missing,synthetic
safe plaace ekak hoyala denn.,shelter,synthetic
safe place ekak hoyala denna.,shelter,synthetic
safe place ekaak hoyalaa denna.,shelter,synthetic
safe place ekak hoyala dennaa.,shelter,synthetic
"old people innawa, sfe place one.",shelter,synthetic
"old people innawa, safe place one.",shelter,synthetic
"old people innawa, safee place one.",shelter,synthetic
"old people innawa, safe plake one.",shelter,synthetic
ape putha hoyaganna one.,rescue/missing,synthetic
ape putha hoyganna one.,rescue/missing,synthetic
ape puta hoyaganna one.,rescue/missing,synthetic
ape puutha hyaganna one.,rescue/missing,synthetic
medical team ekak ewnna puluwanda?,medical aid,synthetic
medical team ecak ewann puluwanda?,medical aid,synthetic
medical team ekk ewanna puluwand?,medical aid,synthetic
medhical team ekak ewanna puuluwanda?,medical aid,synthetic
sheltr ekak thiyenawanam kiiyanna.,shelter,synthetic
shelter ekak thiyenawanam kiyaanna.,shelter,synthetic
shelther ekak thiyenawanam kiyanna.,shelter,synthetic
shlter ekak thiyenawanam kyanna.,shelter,synthetic
thuwala una keenek innaw.,medical aid,synthetic
thuwala una kenk innawa.,medical aid,synthetic
thuwala unaa kenek innava.,medical aid,synthetic
thuwala un kenek innawa.,medical aid,synthetic
gs cylinder eca na.,other,synthetic
gas cylinder eeka na.,other,synthetic
gas cylinder eka n.,other,synthetic
gas cylindeer eka na.,other,synthetic
missng person keneek hoyanawa.,rescue/missing,synthetic
miissing person kenek hoyanwa.,rescue/missing,synthetic
missing person kenek hoyanawa.,rescue/missing,synthetic
missing peerson cenek hoyanawa.,rescue/missing,synthetic
ape brother missing wla.,rescue/missing,synthetic
ape brother missing wla.,rescue/missing,synthetic
ape brother mssing wela.,rescue/missing,synthetic
ape brother missing welaa.,rescue/missing,synthetic
electricity supply eka nati wela.,other,synthetic
electricity supply eka nati weela.,other,synthetic
eleectricity supply eka nathi vela.,other,synthetic
electricity supply eeka nathi wela.,other,synthetic
apee nangi hoyaganna ba.,rescue/missing,synthetic
ape nngi hoyaganna b.,rescue/missing,synthetic
ape nangi hoyaganna ba.,rescue/missing,synthetic
ape nangii hyaganna ba.,rescue/missing,synthetic
tree tika ain caranna one.,other,synthetic
tree tik ain karanna one.,other,synthetic
tree tika ain karanna oone.,other,synthetic
tree tika ain karanna one.,other,synthetic
battery charge karaganna b.,other,synthetic
battry charge karaganna b.,other,synthetic
bathtery charge karaganna ba.,other,synthetic
battery kharge karaganna ba.,other,synthetic
baaby ta medicinee one.,medical aid,synthetic
baby ta mediciine one.,medical aid,synthetic
baby ta medicine on.,medical aid,synthetic
baaby t medicine one.,medical aid,synthetic
rooad clearance help onee.,other,synthetic
road clearance help one.,other,synthetic
rod clearance help one.,other,synthetic
roadh clearance help on.,other,synthetic
gedaraa athule 5 denek innawa.,rescue/missing,synthetic
gedara aathule 5 denek innawa.,rescue/missing,synthetic
gedara athule 5 denek innawa.,rescue/missing,synthetic
gedara athule 5 denek innawa.,rescue/missing,synthetic
"ap stuck welaa, help karanna.",rescue/missing,synthetic
"api stuck weela, heelp karanna.",rescue/missing,synthetic
"aapi stuck wela, help karanna.",rescue/missing,synthetic
"ap stuck wela, help karanna.",rescue/missing,synthetic
